x_coor,y_coor,z_coor
2487.701,1388.033,1978.745
2488.057,1397.671,1977.454
2494.115,1376.048,1982.986
2494.415,1381.897,1981.885
2493.860,1400.581,1970.066
2493.934,1404.385,1969.797
2493.992,1410.975,1962.731
2494.015,1422.696,1915.971
2493.704,1422.828,1943.486
0.0731,0.088,2
0.721,0.13,0
0.771,0.257,0
0.826,0.26,0
0.578,0.115,0
0.493,0.363,0
0.212,0.42,0
0.493,0.691,0
0.282,0.171,4
0.218,0.212,1
0.614,0.215,0
0.185,0.00817,5
0.47,0.559,1
0.161,0.443,0
0.791,0.284,0
0.0608,0.196,1
0.077,0.0876,1
0.651,0.29,0
0.0594,0.211,1
0.544,0.422,0
0.257,0.131,0
0.525,0.537,0
0.449,0.398,0
0.205,0.251,0
0.536,0.0742,0
0.752,0.576,0
0.537,0.158,0
0.0348,0.0257,1
0.275,0.5,0
0.647,0.233,0
0.558,0.119,0
0.194,0.185,0
0.0379,0.109,4
0.222,0.12,1
0.959,0.329,0
0.619,0.232,0
0.524,0.147,0
0.538,0.515,0
0.233,0.175,0
0.072,0.3,2
0.234,0.275,0
0.231,0.0116,2
0.574,0.256,0
0.186,0.0536,1
0.0769,0.145,2
0.552,0.226,0
0.287,0.139,0
0.274,0.377,0
0.197,0.0904,0
0.891,0.297,1
0.197,0.0926,0
0.817,0.525,0
0.0447,0.266,2
0.0358,0.215,2
0.115,0.677,4
0.25,0.0294,5
0.29,0.0148,2
0.33,0.287,0
0.767,0.271,0
0.0443,0.15,1
0.0515,0.0916,0
0.43,0.105,0
0.354,0.281,0
0.077,0.0876,0
0.192,0.156,0
0.318,0.273,0
0.282,0.171,0
0.0779,0.256,0
0.433,0.259,0
0.716,0.403,0
0.603,0.154,0
0.598,0.124,0
0.036,0.0521,0
0.429,0.231,0
0.173,0.117,0
0.219,0.385,0
0.919,0.333,0
0.451,0.0322,0
0.406,0.544,0
0.657,0.231,0
0.212,0.274,0
0.286,0.315,0
0.463,0.275,0
0.186,0.0536,0
0.0718,0.209,2
0.511,0.138,0
0.272,0.329,0
0.918,0.489,1
0.637,0.192,0
0.775,0.247,0
0.0944,0.285,2
0.0513,0.0135,0
0.729,0.16,0
0.73,0.345,0
0.0513,0.0135,1
0.484,0.147,0
0.589,0.199,0
0.374,0.0953,0
0.0308,0.0769,0
0.189,0.249,1
0.0379,0.109,0
0.0388,0.13,1
0.574,0.13,0
0.458,0.304,0
0.0515,0.0916,2
0.036,0.0521,2
0.0542,0.192,2
0.191,0.42,0
0.683,0.587,0
0.64,0.655,0
0.378,0.162,0
0.0308,0.0769,3
0.0737,0.283,1
0.759,0.367,0
0.667,0.111,0
0.792,0.2,1
0.306,0.0923,0
0.061,0.143,1
0.551,0.454,0
0.0515,0.22,2
0.533,0.122,0
0.0494,0.164,1
0.3,0.313,0
0.0348,0.0257,0
0.658,0.355,0
0.689,0.242,0
0.534,0.158,0
0.659,0.127,0
0.512,0.2,0
0.127,0.445,6
0.457,0.177,0
0.397,0.0946,0
0.727,0.355,0
0.654,0.184,0
0.544,0.475,0
0.612,0.0391,0
0.402,0.46,0
0.897,0.28,0
0.84,0.289,0
0.414,0.334,0
0.753,0.372,0
0.215,0.304,0
0.219,0.0958,0
0.546,0.152,0
0.4,0.288,4
0.383,0.176,0
0.766,0.408,0
0.568,0.31,0
0.33,0.0283,0
0.414,0.318,0
0.623,0.244,0
0.407,0.119,0
0.508,0.375,0
0.286,0.178,0
0.575,0.262,0
0.431,0.18,0
0.671,0.193,0
0.792,0.439,0
0.409,0.124,0
0.437,0.168,0
0.648,0.268,0
0.701,0.328,0
0.636,0.0558,0
0.749,0.394,0
0.396,0.00399,0
0.659,0.424,0
0.344,0.0954,0
0.543,0.2,0
0.407,0.053,0
0.56,0.218,0
0.896,0.142,0
0.601,0.433,0
0.552,0.147,0
0.83,0.202,0
0.969,0.301,0
0.708,0.161,0
0.62,0.204,0
0.562,0.177,0
0.413,0.0522,0
0.105,0.325,0
0.683,0.0763,0
0.42,0.0468,0
0.138,0.684,0
0.808,0.35,0
0.564,0.155,0
0.515,0.0749,0
0.481,0.206,0
0.347,0.158,0
0.528,0.561,0
0.587,0.0997,0
0.67,0.283,0
0.312,0.102,0
0.509,0.308,0
0.412,0.574,0
0.255,0.106,0
0.635,0.131,0
0.559,0.244,0
0.706,0.178,0
0.558,0.153,0
0.634,0.343,0
0.901,0.262,42
0.211,0.0423,42
0.137,0.0443,29
0.503,0.254,32
0.601,0.0905,26
0.402,0.027,26
0.411,0.232,24
0.553,0.062,27
0.294,0.145,22
0.494,0.0735,22
0.44,0.0534,22
0.483,0.175,22
0.258,0.114,22
0.902,0.361,20
0.412,0.146,20
0.556,0.0583,18
0.558,0.198,17
0.554,0.189,13
0.411,0.181,12
0.443,0.0795,13
0.484,0.113,13
0.49,0.269,13
0.411,0.0498,11
0.319,0.153,11
0.491,0.185,10
0.351,0.132,10
0.523,0.274,16
0.494,0.0792,11
0.753,0.357,10
0.58,0.214,11
0.665,0.193,9
0.889,0.454,9
0.609,0.063,10
0.735,0.251,8
0.751,0.396,8
0.961,0.418,7
0.489,0.0466,10
0.59,0.232,8
0.381,0.13,7
0.848,0.268,8
0.854,0.321,8
0.929,0.29,7
0.716,0.216,7
0.504,0.0841,6
0.629,0.325,9
0.58,0.201,6
0.889,0.209,8
0.718,0.311,6
0.469,0.272,7
0.657,0.261,6
0.624,0.193,6
0.514,0.353,6
0.496,0.233,6
0.879,0.207,7
0.767,0.274,6
0.415,0.14,6
0.75,0.204,6
0.84,0.435,6
0.772,0.298,6
0.89,0.408,6
0.676,0.395,6
0.825,0.212,5
0.37,0.178,4
0.675,0.231,6
0.806,0.388,5
0.256,0.13,4
0.537,0.31,4
0.387,0.188,6
0.965,0.246,4
0.576,0.228,5
0.558,0.294,4
0.554,0.168,5
0.741,0.203,5
0.96,0.477,6
0.593,0.131,5
0.647,0.214,6
0.794,0.525,5
0.816,0.284,4
0.957,0.368,6
0.637,0.136,4
0.43,0.184,5
0.946,0.47,6
0.587,0.132,6
0.651,0.221,5
0.577,0.118,5
0.82,0.144,6
0.544,0.151,5
0.638,0.255,5
0.534,0.196,6
0.465,0.115,5
0.692,0.19,5
0.882,0.286,4
0.564,0.128,5
0.895,0.273,5
0.575,0.134,4
0.456,0.254,3
0.814,0.203,4
0.576,0.266,4
0.594,0.279,4
0.837,0.278,4
0.807,0.39,0
0.686,0.319,0
0.597,0.28,0
0.532,0.248,0
0.57,0.0909,0
0.767,0.353,0
0.803,0.341,0
0.759,0.285,0
0.823,0.401,0
0.444,0.283,0
0.621,0.32,0
0.182,0.423,0
0.556,0.235,0
0.19,0.333,0
0.618,0.335,0
0.733,0.426,0
0.66,0.0119,0
0.89,0.272,0
0.453,0.422,0
0.424,0.229,0
0.599,0.109,0
0.843,0.283,0
0.614,0.243,0
0.934,0.292,0
0.253,0.0359,0
0.51,0.298,0
0.549,0.143,0
0.56,0.305,0
0.536,0.292,0
0.849,0.279,0
0.942,0.43,0
0.806,0.377,0
0.698,0.212,0
0.727,0.306,0
0.76,0.415,0
0.804,0.366,0
0.885,0.506,0
0.729,0.415,0
0.779,0.516,0
0.561,0.417,0
0.236,0.294,0
0.711,0.407,0
0.59,0.273,0
0.88,0.168,0
0.785,0.476,0
0.684,0.345,0
0.706,0.457,0
0.584,0.227,0
0.661,0.372,0
0.593,0.291,0
0.779,0.327,0
0.807,0.247,0
0.795,0.297,0
0.272,0.947,0
0.316,0.381,0
0.762,0.312,0
0.819,0.267,0
0.675,0.394,0
0.706,0.311,0
0.888,0.291,0
0.335,0.121,0
0.822,0.333,0
0.36,0.237,0
0.278,0.241,0
0.564,0.329,0
0.77,0.898,0
0.473,0.301,0
0.727,0.129,0
0.837,0.512,0
0.801,0.277,0
0.743,0.221,0
0.542,0.458,0
0.152,0.091,0
0.524,0.383,0
0.758,0.408,0
0.552,0.392,0
0.765,0.173,0
0.814,0.262,0
0.659,0.096,0
0.668,0.246,0
0.588,0.231,0
0.488,0.323,0
0.0661,0.114,0
0.664,0.219,0
0.827,0.345,0
0.655,0.238,12
0.832,0.395,13
0.542,0.312,11
0.648,0.319,7
0.854,0.326,7
0.763,0.275,6
0.923,0.303,6
0.962,0.568,7
0.688,0.784,5
0.825,0.504,6
0.776,0.287,4
0.658,0.209,4
0.366,0.204,5
0.905,0.458,4
0.961,0.346,4
0.781,0.378,3
0.871,0.447,4
0.741,0.527,3
0.918,0.33,2
0.924,0.286,4
0.665,0.363,3
0.869,0.273,2
0.921,0.392,3
0.25,0.0815,2
0.315,0.132,2
0.481,0.176,1
0.753,0.448,1
0.684,0.23,1
0.659,0.587,2
0.909,0.404,3
0.436,0.262,2
0.763,0.24,2
0.711,0.26,2
0.842,0.383,1
0.968,0.535,2
0.564,0.153,0
0.746,0.158,0
0.352,0.254,0
0.556,0.235,0
0.799,0.28,0
0.63,0.532,0
0.397,0.177,0
0.276,0.65,0
0.619,0.3,0
0.688,0.154,0
0.547,0.278,0
0.15,0.198,0
0.692,0.24,0
0.71,0.652,0
0.614,0.429,0
0.835,0.277,0
0.387,0.181,0
0.809,0.557,0
0.835,0.452,0
0.101,0.0909,0
0.765,0.491,0
0.841,0.316,0
0.726,0.179,1
0.296,0.138,0
0.893,0.316,0
0.588,0.438,0
0.901,0.239,0
0.515,0.222,0
0.428,0.219,0
0.96,0.455,0
0.552,0.587,0
0.752,0.506,0
0.949,0.403,0
0.729,0.467,0
0.856,0.411,1
0.689,0.329,0
0.745,0.895,0
0.494,0.138,0
0.623,0.306,0
0.937,0.267,0
0.517,0.374,0
0.505,0.314,0
0.693,0.458,0
0.81,0.262,0
0.541,0.232,0
0.556,0.382,0
0.617,0.333,0
0.803,0.284,0
0.7,0.251,0
0.705,0.432,0
0.451,0.623,0
0.721,0.256,0
0.647,0.369,0
0.456,0.212,0
0.923,0.338,0
0.712,0.302,0
0.322,0.0849,0
0.236,0.372,0
0.475,0.388,0
0.681,0.257,0
0.601,0.36,0
0.507,0.334,0
0.7,0.297,0
0.647,0.299,0
0.757,0.362,0
0.686,0.327,0
0.801,0.319,0
0,0.0258,0
0.823,0.599,1
0.579,0.0558,0
0.673,0.578,0
0.603,0.285,0
0.628,0.37,0
0.922,0.599,0
0.672,0.245,0
0.744,0.311,0
0.327,0.309,0
0.872,0.487,0
0.634,0.111,0
0.575,0.52,0
0.781,0.492,0
0.882,0.398,0
0.453,0.601,0
0.902,0.278,0
0.554,0.4,0
0.953,0.273,1
0.715,0.312,0
0.726,0.518,0
0.745,0.322,0
0.832,0.383,0
0.586,0.251,0
0.833,0.381,0
0.766,0.318,0
0.918,0.301,0
0.822,0.189,0
0.436,0.715,0
0.44,0.325,0
0.675,0.326,0
0.878,0.398,0
0.354,0.274,0
0.727,0.166,0
0.776,0.117,0
0.361,0.115,0
0.443,0.116,0
0.306,0.0838,0
0.969,0.492,0
0.908,0.319,0
0.69,0.113,0
0.736,0.231,0
0.385,0.233,0
0.533,0.282,0
0.495,0.568,0
0.412,0.287,0
0.775,0.311,0
0.487,0.151,0
0.541,0.271,0
0.834,0.439,0
0.493,0.17,0
0.8,0.49,0
0.883,0.316,0
0.754,0.289,0
0.965,0.456,0
0.572,0.311,0
0.68,0.538,0
0.757,0.323,0
0.44,0.524,0
0.789,0.365,0
0.83,0.305,0
0.759,0.587,0
0.795,0.515,0
0.688,0.325,0
0.605,0.339,0
0.622,0.279,0
0.55,0.305,0
0.55,0.605,0
0.685,0.263,0
0.802,0.39,0
0.836,0.47,1
0.46,0.387,2
0.76,0.427,0
0.92,0.325,0
0.84,0.805,0
0.697,0.149,0
0.775,0.354,0
0.963,0.38,0
0.731,0.441,0
0.862,0.381,1
0.921,0.407,0
0.549,0.211,0
0.401,0.446,0
0,0.315,0
0.719,0.386,0
0.728,0.236,0
0.616,0.357,0
0.743,0.244,0
0.755,0.329,0
0.648,0.278,0
0.692,0.375,0
0.673,0.223,0
0.568,0.459,0
0.585,0.0773,0
0.563,0.269,0
0.587,0.264,0
0.479,0.21,0
0.705,0.45,0
0.58,0.175,37
0.406,0.0804,30
0.805,0.17,30
0.149,0.108,29
0.85,0.336,22
0.657,0.497,24
0.647,0.241,26
0.925,0.3,20
0.634,0.23,23
0.917,0.222,22
0.288,0.0887,20
0.652,0.449,15
0.57,0.324,13
0.768,0.288,11
0.498,0.217,14
0.784,0.347,10
0.43,0.213,14
0.852,0.341,13
0.827,0.467,8
0.495,0.223,7
0.77,0.282,6
0.451,0.258,6
0.759,0.141,6
0.209,0.127,7
0.809,0.363,9
0.706,0.213,5
0.259,0.117,6
0.489,0.112,10
0.751,0.287,5
0.603,0.333,8
0.678,0.295,4
0.954,0.288,5
0.565,0.257,5
0.56,0.197,6
0.607,0.146,3
0.202,0.104,5
0.913,0.343,4
0.902,0.449,5
0.494,0.266,6
0.674,0.324,5
0.294,0.188,4
0.733,0.132,5
0.823,0.58,4
0.962,0.341,3
0.452,0.36,3
0.855,0.609,4
0.16,0.141,4
0.864,0.376,5
0.785,0.171,5
0.955,0.429,4
0.9,0.337,2
0.922,0.285,5
0.97,0.493,3
0.704,0.435,4
0.895,0.613,5
0.882,0.216,4
0.867,0.335,3
0.786,0.341,3
0.429,0.0748,4
0.889,0.35,5
0.604,0.461,4
0.431,0.122,3
0.891,0.34,3
0.497,0.867,2
0.784,0.428,2
0.96,0.502,3
0.685,0.494,2
0.769,0.353,2
0.787,0.123,3
0.621,0.249,3
0.327,0.13,2
0.601,0.235,2
0.673,0.227,3
0.324,0.386,2
0.675,0.267,2
0.893,0.604,2
0.744,0.69,3
0.946,0.341,3
0.29,0.379,2
0.918,0.478,2
0.876,0.424,3
0.522,0.293,3
0.886,0.318,3
0.939,0.366,2
0.55,0.038,2
0.88,0.409,3
0.806,0.539,3
0.12,0.165,3
0.56,0.642,3
0.875,0.332,4
0.882,0.694,2
0.415,0.157,3
0.479,0.178,3
0.573,0.309,3
0.436,0.127,2
0.902,0.474,3
0.814,0.647,2
0.898,0.491,2
0.312,0.215,3
0.638,0.378,2
0.735,0.418,2
0.722,0.147,3
0.505,0.149,4
0.422,0.137,0
0.49,0.214,0
0.667,0.22,0
0.512,0.0771,0
0.187,0.27,0
0.689,0.28,0
0.159,0.0307,0
0.828,0.136,0
0.816,0.295,0
0.46,0.161,0
0.898,0.438,0
0.784,0.486,0
0.733,0.11,0
0.701,0.414,1
0.55,0.436,0
0.162,0.835,0
0.535,0.155,0
0.531,0.0828,0
0.659,0.267,1
0.779,0.143,0
0.509,0.0956,0
0.568,0.0762,0
0.963,0.539,0
0.564,0.111,1
0.75,0.158,0
0.852,0.315,0
0.472,0.0943,0
0.616,0.234,0
0.913,0.371,0
0.645,0.173,1
0.794,0.141,0
0.549,0.45,0
0.556,0.0719,0
0.744,0.635,0
0.319,0.169,1
0.46,0.169,0
0.8,0.156,1
0.894,0.366,0
0.733,0.378,0
0.0543,0.0436,0
0.427,0.103,0
0.417,0.242,0
0.502,0.225,1
0.592,0.127,1
0.379,0.0903,0
0.315,0.265,0
0.544,0.156,1
0.237,0.179,0
0.666,0.239,0
0.626,0.361,0
0.627,0.305,0
0.489,0.255,0
0.567,0.101,0
0.662,0.343,0
0.805,0.158,0
0.881,0.222,0
0.579,0.0829,0
0.837,0.309,0
0.309,0.0259,0
0.784,0.255,0
0.75,0.434,0
0.348,0.177,1
0.527,0.129,1
0.125,0.176,0
0.673,0.112,0
0.668,0.11,1
0.126,0.163,0
0.766,0.293,0
0.643,0.175,0
0.53,0.222,0
0.853,0.428,1
0.469,0.0474,0
0.133,0.127,0
0.431,0.126,0
0.477,0.157,1
0.842,0.391,0
0.824,0.361,0
0.827,0.25,0
0.299,0.148,0
0.0377,0.178,0
0.307,0.0939,0
0.705,0.286,0
0.543,0.0658,0
0.554,0.338,0
0.551,0.0422,0
0.719,0.33,0
0.719,0.41,0
0.822,0.213,0
0.742,0.0917,0
0.815,0.458,0
0.52,0.075,0
0.888,0.52,0
0.809,0.122,0
0.678,0.151,0
0.749,0.237,0
0.84,0.293,0
0.629,0.114,1
0.35,0.222,49
0.54,0.0867,45
0.789,0.179,28
0.67,0.101,27
0.629,0.0885,24
0.83,0.287,19
0.804,0.274,21
0.89,0.319,22
0.917,0.351,21
0.782,0.296,19
0.804,0.326,21
0.873,0.425,16
0.644,0.211,23
0.686,0.113,16
0.871,0.266,17
0.64,0.285,15
0.516,0.0754,16
0.837,0.348,13
0.542,0.179,15
0.712,0.233,13
0.822,0.315,13
0.226,0.163,12
0.655,0.412,12
0.536,0.156,11
0.475,0.126,12
0.411,0.108,11
0.626,0.341,13
0.764,0.425,12
0.676,0.193,11
0.88,0.393,11
0.792,0.297,11
0.846,0.295,11
0.386,0.0427,10
0.59,0.207,10
0.427,0.0453,11
0.699,0.301,9
0.334,0.104,9
0.499,0.171,9
0.487,0.516,7
0.587,0.141,9
0.603,0.208,8
0.369,0.231,22
0.316,0.144,9
0.434,0.198,8
0.75,0.228,8
0.531,0.157,11
0.6,0.207,8
0.461,0.279,7
0.54,0.252,10
0.191,0.0656,9
0.749,0.309,7
0.558,0.131,7
0.322,0.234,8
0.201,0.0709,7
0.649,0.118,7
0.485,0.141,8
0.96,0.383,9
0.715,0.186,11
0.628,0.0478,7
0.713,0.139,7
0.89,0.302,7
0.644,0.148,7
0.313,0.115,10
0.829,0.317,7
0.854,0.366,8
0.928,0.401,8
0.923,0.34,8
0.812,0.247,7
0.836,0.285,7
0.834,0.307,7
0.943,0.366,10
0.827,0.364,7
0.841,0.254,9
0.9,0.23,8
0.925,0.251,9
0.756,0.28,7
0.88,0.304,6
0.44,0.208,7
0.736,0.14,6
0.963,0.493,8
0.899,0.196,9
0.843,0.267,6
0.904,0.408,7
0.922,0.468,7
0.883,0.597,8
0.953,0.341,6
0.738,0.328,8
0.832,0.249,7
0.435,0.0744,6
0.62,0.2,7
0.599,0.136,6
0.779,0.357,6
0.762,0.3,6
0.707,0.331,10
0.786,0.22,6
0.589,0.197,6
0.808,0.202,6
0.777,0.347,6
0.914,0.43,7
0.693,0.218,10
0.369,0.169,7
0.503,0.244,5
0.963,0.325,6
0.549,0.209,6
0.934,0.431,8
0.961,0.485,6
0.842,0.333,6
0.849,0.245,7
0.457,0.0602,6
0.774,0.252,5
0.716,0.193,7
0.887,0.329,6
0.482,0.131,6
0.947,0.323,5
0.925,0.389,8
0.551,0.0337,6
0.921,0.34,6
0.895,0.502,8
0.956,0.466,5
0.731,0.238,6
0.963,0.313,7
0.939,0.259,6
0.739,0.265,6
0.907,0.382,6
0.781,0.234,6
0.818,0.215,7
0.125,0.0784,7
0.538,0.0714,6
0.961,0.351,4
0.909,0.278,4
0.778,0.283,5
0.899,0.39,4
0.786,0.18,5
0.797,0.181,4
0.745,0.137,5
0.704,0.13,6
0.552,0.136,5
0.844,0.294,4
0.865,0.292,5
0.482,0.168,5
0.913,0.164,5
0.584,0.139,4
0.883,0.259,4
0.683,0.162,5
0.766,0.324,3
0.48,0.312,3
0.958,0.349,4
0.962,0.364,2
0.937,0.679,1
0.899,0.57,2
0.242,0.254,7
0.555,0.207,3
0.85,0.507,3
0.653,0.277,5
0.763,0.213,3
0.649,0.478,2
0.915,0.39,2
0.864,0.497,3
0.83,0.53,2
0.539,0.37,3
0.548,0.179,4
0.538,0.169,3
0.295,0.19,1
0.573,0.263,0
0.327,0.165,0
0.496,0.25,0
0.964,0.426,0
0.556,0.0663,0
0.27,0.61,0
0.312,0.162,1
0.317,0.163,1
0.297,0.205,1
0,0.00176,0
0.801,0.11,0
0.277,0.172,1
0.355,0.18,1
0.285,0.167,1
0.285,0.31,0
0.596,0.255,0
0.277,0.167,1
0.886,0.347,0
0.28,0.131,1
0.789,0.416,0
0.492,0.215,0
0.653,0.328,0
0.261,0.17,1
0.267,0.183,1
0.382,0.179,1
0.358,0.132,1
0.466,0.184,1
0.553,0.541,0
0.385,0.304,0
0.412,0.144,1
0.362,0.332,0
0.284,0.118,2
0.911,0.38,0
0.832,0.245,0
0.37,0.174,2
0.465,0.0809,0
0.582,0.221,0
0.819,0.208,41
0.964,0.452,35
0.497,0.308,26
0.485,0.29,24
0.681,0.476,16
0.557,0.232,13
0.878,0.244,17
0.935,0.482,17
0.678,0.108,28
0.562,0.31,17
0.744,0.331,14
0.736,0.217,12
0.89,0.366,13
0.96,0.479,12
0.731,0.253,9
0.892,0.309,12
0.675,0.279,11
0.654,0.267,10
0.693,0.228,10
0.424,0.256,10
0.713,0.301,10
0.845,0.378,8
0.846,0.26,5
0.822,0.201,9
0.771,0.404,8
0.864,0.386,8
0.851,0.309,7
0.633,0.607,4
0.811,0.552,3
0.326,0.141,10
0.644,0.652,2
0.578,0.618,2
0.661,0.675,2
0.761,0.55,2
0.565,0.718,3
0.621,0.602,3
0.473,0.543,2
0.845,0.271,0
0.61,0.585,0
0.821,0.186,0
0.52,0.7,0
0.693,0.262,0
0.241,0.213,0
0.969,0.0677,0
0.803,0.528,0
0.708,0.247,0
0.671,0.393,0
0.892,0.327,0
0.473,0.543,0
0.84,0.285,0
0.787,0.145,0
0.562,0.407,0
0.788,0.145,0
0.833,0.187,0
0.512,0.466,0
0.787,0.123,0
0.8,0.0474,0
0.0818,0.153,0
0.808,0.204,0
0.859,0.407,0
0.105,0.0962,0
0.883,0.236,0
0.73,0.363,0
0.443,0.137,0
0.109,0.183,0
0.52,0.295,0
0.513,0.0881,0
0.584,0.0995,0
0.686,0.341,0
0.533,0.168,0
0.831,0.358,0
0.895,0.385,0
0.0949,0.723,0
0.566,0.503,0
0.886,0.244,0
0.934,0.171,0
0.862,0.121,0
0.864,0.255,0
0.32,0.757,0
0.39,0.211,0
0.83,0.0772,0
0.519,0.499,0
0.144,0.103,0
0.928,0.306,0
0.794,0.326,0
0.48,0.152,0
0.494,0.0491,0
0.895,0.255,0
0.874,0.496,0
0.0431,0.142,2
0.365,0.138,0
0.873,0.224,0
0.901,0.467,0
0.531,0.236,0
0.788,0.187,0
0.524,0.34,0
0.115,0.175,0
0.694,0.17,0
0.329,0.251,0
0.587,0.138,0
0.601,0.115,0
0.853,0.319,0
0.906,0.18,0
0.657,0.173,0
0.942,0.314,0
0.831,0.318,0
0.523,0.226,0
0.373,0.139,0
0.579,0.618,0
0.944,0.223,0
0.586,0.109,0
0.894,0.207,0
0.822,0.356,1
0.686,0.34,0
0.0817,0.259,0
0.666,0.709,0
0.499,0.273,0
0.346,0.152,0
0.714,0.201,0
0.247,0.184,1
0.66,0.811,0
0.716,0.403,2
0.776,0.213,0
0.769,0.396,0
0.962,0.22,0
0.894,0.171,0
0.818,0.37,0
0.947,0.504,0
0.331,0.197,0
0.691,0.0843,0
0.198,0.0846,0
0.67,0.274,0
0.745,0.395,1
0.933,0.243,0
0.513,0.444,0
0.711,0.202,0
0.892,0.291,0
0.659,0.126,0
0.582,0.597,0
0.513,0.54,0
0.596,0.604,0
0.819,0.187,0
0.746,0.171,0
0.622,0.272,0
0.681,0.476,0
0.551,0.121,0
0.712,0.272,0
0.904,0.217,0
0.732,0.921,0
0.81,0.161,0
0.881,0.359,0
0.534,0.135,0
0.753,0.179,0
0.758,0.156,0
0.223,0.262,1
0.091,0.0804,0
0.831,0.102,0
0.596,0.154,0
0.195,0.188,0
0.648,0.333,0
0.507,0.201,0
0.883,0.117,0
0.77,0.253,0
0.896,0.259,0
0.205,0.111,0
0.637,0.139,0
0.694,0.471,0
0.668,0.398,0
0.611,0.307,0
0.657,0.0901,0
0.85,0.154,0
0.594,0.346,0
0.381,0.443,0
0.362,0.271,0
0.784,0.251,0
0.158,0.148,1
0.579,0.176,0
0.311,0.189,0
0.914,0.321,0
0.644,0.652,0
0.86,0.259,0
0.594,0.207,0
0.778,0.13,0
0.565,0.718,0
0.443,0.143,0
0.766,0.252,0
0.759,0.291,0
0.835,0.21,0
0.72,0.27,0
0.773,0.391,0
0.548,0.149,0
0.749,0.132,0
0.699,0.234,0
0.756,0.0903,0
0.722,0.173,0
0.615,0.0838,0
0.801,0.387,0
0.781,0.807,0
0.851,0.116,0
0.713,0.395,1
0.259,0.744,51
0.2,0.0406,47
0.483,0.252,42
0.62,0.293,38
0.588,0.182,32
0.864,0.478,34
0.44,0.215,30
0.602,0.212,29
0.366,0.164,23
0.527,0.331,28
0.783,0.285,30
0.491,0.115,21
0.907,0.409,23
0.462,0.275,24
0.393,0.109,22
0.722,0.32,22
0.365,0.207,19
0.131,0.0214,20
0.685,0.271,21
0.612,0.388,22
0.0675,0.0215,20
0.849,0.377,19
0.874,0.249,18
0.927,0.464,21
0.174,0.0202,20
0.748,0.263,15
0.702,0.273,19
0.464,0.141,18
0.652,0.304,18
0.0708,0.005,13
0.495,0.202,19
0.558,0.182,17
0.501,0.139,16
0.529,0.168,17
0.178,0.0278,14
0.611,0.637,15
0.0771,0.0333,14
0.533,0.166,16
0.1,0.0279,15
0.691,0.131,16
0.698,0.337,15
0.549,0.25,13
0.955,0.373,14
0.215,0.119,12
0.55,0.21,15
0.775,0.829,14
0.229,0.0172,18
0.0612,0.0827,16
0.776,0.665,12
0.894,0.366,13
0.242,0.137,14
0.226,0.326,10
0.959,0.436,12
0.747,0.269,11
0.608,0.398,13
0.141,0.0176,12
0.0589,0.0646,11
0.0637,0.0435,10
0.285,0.0102,11
0.353,0.257,14
0.519,0.36,14
0.819,0.288,15
0.503,0.233,10
0.101,0.0253,12
0.627,0.827,14
0.724,0.41,14
0.871,0.397,11
0.699,0.4,16
0.569,0.196,9
0.837,0.319,8
0.15,0.0192,10
0.186,0.0352,10
0.488,0.392,11
0.543,0.192,8
0.874,0.485,10
0.492,0.382,10
0.0383,0.332,10
0.934,0.391,8
0.409,0.529,10
0.886,0.252,7
0.33,0.134,6
0.885,0.408,9
0.305,0.0867,7
0.679,0.283,8
0.453,0.228,7
0.249,0.127,9
0.596,0.177,7
0.531,0.284,6
0.334,0.296,6
0.224,0.272,6
0.223,0.105,9
0.927,0.341,8
0.115,0.0308,7
0.885,0.381,7
0.681,0.281,6
0.671,0.15,4
0.48,0.168,4
0.696,0.163,8
0.506,0.195,9
0.105,0.0849,6
0.448,0.251,5
0.0761,0.25,5
0.408,0.122,5
0.331,0.084,9
0.109,0.0584,6
0.19,0.0319,8
0.66,0.262,8
0.86,0.264,6
0.538,0.258,8
0.129,0.0318,7
0.608,0.272,10
0.415,0.155,9
0.113,0.0751,5
0.274,0.117,7
0.086,0.162,11
0.625,0.161,3
0.329,0.219,7
0.0746,0.14,4
0.324,0.31,3
0.0909,0.0949,5
0.188,0.106,4
0.692,0.214,4
0.966,0.333,4
0.154,0.0516,5
0.182,0.0543,5
0.0635,0.0953,5
0.635,0.197,5
0.438,0.199,3
0.0647,0.0704,4
0.554,0.319,2
0.531,0.168,4
0.882,0.396,3
0.128,0.0715,8
0.908,0.428,4
0.255,0.0916,2
0.301,0.422,2
0.153,0.3,2
0.327,0.112,3
0.309,0.288,3
0.517,0.251,7
0.678,0.294,3
0.417,0.397,2
0.818,0.271,3
0.119,0.117,5
0.477,0.244,2
0.512,0.0615,3
0.13,0.0563,4
0.53,0.124,4
0.433,0.102,1
0.234,0.146,3
0.636,0.145,3
0.613,0.269,0
0.826,0.233,0
0.301,0.109,0
0.54,0.141,0
0.511,0.032,1
0.809,0.232,0
0.893,0.438,0
0.0787,0.0731,0
0.706,0.15,0
0.519,0.217,0
0.684,0.195,0
0.651,0.294,0
0.966,0.218,0
0.53,0.368,0
0.888,0.299,0
0.481,0.256,0
0.157,0.1,1
0.738,0.0874,0
0.473,0.215,0
0.098,0.228,0
0.444,0.193,0
0.672,0.253,0
0.649,0.228,0
0.796,0.193,0
0.359,0.0877,0
0.891,0.319,0
0.585,0.937,0
0.896,0.203,0
0.278,0.449,0
0.812,0.204,0
0.54,0.3,0
0.862,0.205,0
0.889,0.366,0
0.658,0.251,0
0.711,0.242,0
0.047,0.123,0
0.674,0.138,0
0.732,0.2,0
0.139,0.0428,0
0.0519,0.263,0
0.0488,0.155,0
0.144,0.287,0
0.81,0.273,0
0.876,0.245,0
0.903,0.315,0
0.0791,0.0905,0
0.512,0.18,0
0.527,0.17,0
0.654,0.225,0
0.713,0.377,52
0.766,0.203,37
0.833,0.178,17
0.761,0.299,15
0.733,0.281,16
0.478,0.281,10
0.37,0.135,12
0.236,0.145,12
0.788,0.276,9
0.621,0.118,12
0.497,0.308,11
0.458,0.202,11
0.65,0.363,11
0.473,0.242,10
0.625,0.41,7
0.8,0.366,6
0.341,0.0708,10
0.0859,0.0756,6
0.658,0.251,7
0.799,0.276,5
0.0432,0.0551,2
0.967,0.419,4
0.78,0.177,0
0.624,0.226,0
0.531,0.132,0
0.741,0.236,0
0.73,0.288,0
0.587,0.187,0
0.423,0.318,0
0.739,0.241,0
0.59,0.293,0
0.507,0.235,0
0.0739,0.34,1
0.371,0.258,0
0.515,0.109,0
0.822,0.159,0
0.964,0.332,0
0.819,0.321,0
0.855,0.198,0
0.563,0.258,0
0.725,0.155,0
0.613,0.254,0
0.656,0.171,0
0.591,0.254,0
0.729,0.174,0
0.851,0.0766,0
0.799,0.19,0
0.636,0.228,0
0.923,0.264,0
0.607,0.274,0
0.755,0.244,0
0.417,0.368,0
0.714,0.293,0
0.602,0.24,0
0.542,0.249,0
0.826,0.262,0
0.816,0.127,0
0.901,0.181,0
0.769,0.185,0
0.54,0.168,0
0.38,0.257,0
0.644,0.267,0
0.5,0.186,0
0.542,0.341,0
0.563,0.272,0
0.811,0.214,0
0.621,0.317,0
0.612,0.245,0
0.465,0.267,0
0.614,0.203,0
0.65,0.233,0
0.964,0.314,0
0.721,0.201,0
0.549,0.241,0
0.902,0.217,0
0.686,0.15,0
0.631,0.232,0
0.71,0.292,0
0.798,0.22,0
0.344,0.222,0
0.723,0.172,0
0.961,0.405,0
0.661,0.232,0
0.938,0.491,2
0.272,0.0777,0
0.538,0.193,0
0.856,0.266,0
0.693,0.123,0
0.628,0.255,0
0.574,0.283,0
0.49,0.164,0
0.64,0.278,0
0.699,0.248,0
0.719,0.261,0
0.913,0.19,0
0.86,0.29,0
0.676,0.313,0
0.521,0.119,0
0.659,0.248,0
0.787,0.237,0
0.801,0.24,0
0.843,0.322,1
0.291,0.179,0
0.728,0.308,0
0.68,0.264,0
0.701,0.234,0
0.711,0.186,0
0.62,0.208,0
0.0733,0.114,0
0.739,0.224,0
0.561,0.352,0
0.624,0.212,0
0.598,0.454,0
0.681,0.187,0
0.422,0.127,0
0.61,0.181,0
0.774,0.182,0
0.276,0.207,0
0.392,0.23,0
0.382,0.246,0
0.678,0.271,0
0.728,0.239,0
0.802,0.212,1
0.579,0.217,0
0.771,0.155,0
0.7,0.184,0
0.59,0.311,0
0.804,0.316,0
0.425,0.158,0
0.924,0.694,0
0.897,0.15,0
0.59,0.252,0
0.633,0.184,0
0.673,0.371,0
0.262,0.257,0
0.776,0.413,0
0.673,0.179,0
0.793,0.199,0
0.574,0.302,0
0.963,0.561,0
0.723,0.28,0
0.861,0.243,0
0.745,0.2,0
0.597,0.28,0
0.733,0.219,0
0.793,0.468,1
0.844,0.302,0
0.489,0.286,0
0.745,0.262,0
0.614,0.237,1
0.769,0.324,0
0.748,0.256,0
0.756,0.301,0
0.751,0.28,0
0.769,0.324,0
0.577,0.23,0
0.819,0.184,0
0.705,0.18,0
0.585,0.351,0
0.605,0.247,0
0.862,0.203,0
0.481,0.302,0
0.915,0.289,0
0.491,0.293,0
0.574,0.237,0
0.772,0.157,0
0.594,0.603,0
0.559,0.229,0
0.799,0.335,0
0.642,0.226,0
0.452,0.289,0
0.453,0.262,0
0.568,0.111,0
0.611,0.245,0
0.578,0.287,0
0.337,0.365,0
0.223,0.184,0
0.595,0.326,0
0.307,0.0521,0
0.302,0.52,0
0.538,0.252,0
0.424,0.285,0
0.596,0.297,0
0.646,0.263,0
0.757,0.194,0
0.756,0.254,0
0.653,0.269,0
0.449,0.11,0
0.481,0.0408,0
0.848,0.409,0
0.643,0.256,0
0.877,0.26,0
0.259,0.283,0
0.481,0.189,0
0.685,0.248,0
0.684,0.22,0
0.75,0.281,0
0.715,0.209,0
0.728,0.416,0
0.591,0.184,0
0.377,0.364,55
0.168,0.326,48
0.0808,0.00856,35
0.922,0.287,28
0.055,0.00684,29
0.955,0.374,25
0.414,0.244,26
0.599,0.376,19
0.603,0.447,36
0.582,0.342,17
0.445,0.305,18
0.766,0.372,17
0.196,0.0723,18
0.0697,0.0696,19
0.834,0.712,17
0.777,0.404,15
0.0784,0.15,17
0.149,0.297,16
0.696,0.295,16
0.78,0.235,14
0.961,0.402,15
0.857,0.528,12
0.913,0.453,13
0.0688,0.203,15
0.8,0.219,13
0.0734,0.189,15
0.0634,0.22,14
0.0379,0.0713,14
0.144,0.255,10
0.498,0.201,10
0.126,0.263,12
0.713,0.392,8
0.0692,0.176,12
0.349,0.0378,10
0.929,0.433,11
0.244,0.0317,9
0.934,0.461,6
0.562,0.226,14
0.338,0.135,9
0.28,0.0652,8
0.0862,0.0429,10
0.052,0.0966,11
0.0802,0.0573,11
0.962,0.459,8
0.362,0.109,8
0.75,0.593,30
0.0364,0.0457,11
0.0654,0.0768,11
0.674,0.179,7
0.236,0.124,8
0.353,0.3,9
0.815,0.387,7
0.102,0.0325,10
0.296,0.0511,8
0.936,0.433,6
0.488,0.316,6
0.751,0.349,6
0.619,0.0648,6
0.3,0.156,8
0.0959,0.0877,10
0.696,0.264,6
0.093,0.196,10
0.389,0.0281,5
0.314,0.176,9
0.919,0.371,6
0.0693,0.193,9
0.0994,0.06,9
0.703,0.116,6
0.0622,0.0751,10
0.0406,0.0193,10
0.449,0.0745,6
0.0798,0.145,9
0.203,0.122,11
0.441,0.124,6
0.355,0.137,6
0.221,0.405,9
0.963,0.714,11
0.111,0.159,9
0.271,0.106,8
0.748,0.228,6
0.696,0.425,4
0.203,0.0315,8
0.53,0.139,6
0.512,0.275,7
0.166,0.0351,6
0.95,0.373,6
0.29,0.118,6
0.507,0.0801,6
0.0657,0.208,9
0.852,0.431,3
0.695,0.367,5
0.405,0.0742,5
0.182,0.0197,4
0.31,0.0751,5
0.57,0.122,3
0.792,0.11,3
0.144,0.0567,5
0.528,0.585,5
0.339,0.112,5
0.782,0.394,6
0.216,0.054,4
0.425,0.0807,5
0.525,0.384,9
0.4,0.121,5
0.239,0.168,6
0.652,0.0676,4
0.595,0.181,4
0.447,0.0524,4
0.364,0.167,5
0.703,0.47,6
0.59,0.406,5
0.851,0.471,3
0.213,0.179,3
0.422,0.188,4
0.513,0.321,4
0.464,0.0245,3
0.273,0.0129,3
0.551,0.298,7
0.827,0.427,3
0.19,0.0555,3
0.402,0.286,4
0.378,0.0166,3
0.78,0.392,3
0.368,0.386,2
0.685,0.669,3
0.705,0.0574,2
0.564,0.526,3
0.506,0.172,2
0.736,0.183,2
0.721,0.0415,4
0.618,0.0483,3
0.446,0.208,3
0.0821,0.339,3
0.257,0.0636,4
0.508,0.236,5
0.452,0.286,4
0.772,0.0782,2
0.5,0.24,2
0.693,0.319,4
0.549,0.28,3
0.555,0.276,3
0.657,0.339,3
0.898,0.238,4
0.926,0.623,7
0.637,0.117,2
0.738,0.108,2
0.78,0.385,3
0.318,0.0267,3
0.618,0.099,3
0.733,0.75,4
0.273,0.0323,5
0.845,0.519,4
0.197,0.498,4
0.541,0.0559,5
0.0697,0.54,15
0.344,0.0813,4
0.387,0.348,4
0.373,0.0971,3
0.184,0.0145,4
0.505,0.0352,4
0.429,0.336,2
0.299,0.184,2
0.399,0.0376,3
0.923,0.297,2
0.614,0.237,2
0.28,0.219,4
0.708,0.154,2
0.259,0.0265,3
0.187,0.317,3
0.313,0.00938,3
0.156,0.292,3
0.483,0.0782,3
0.518,0.272,2
0.754,0.285,1
0.694,0.108,3
0.814,0.483,2
0.26,0.159,3
0.737,0.245,0
0.699,0.62,0
0.352,0.402,0
0.671,0.451,0
0.64,0.0875,0
0.833,0.389,2
0.693,0.119,0
0.171,0.229,0
0.418,0.262,1
0.41,0.183,1
0.938,0.244,0
0.961,0.476,0
0.89,0.478,0
0.687,0.414,0
0.961,0.269,0
0.843,0.419,0
0.895,0.441,8
0.426,0.53,0
0.681,0.193,0
0.753,0.438,0
0.62,0.409,0
0.853,0.392,0
0.946,0.487,3
0.125,0.0673,13
0.534,0.317,9
0.292,0.867,18
0.544,0.252,9
0.82,0.31,11
0.771,0.298,4
0.297,0.242,3
0.592,0.0753,5
0.947,0.577,1
0.666,0.324,4
0.186,0.00564,1
0.182,0.418,6
0.471,0.224,3
0.353,0.305,9
0.725,0.273,0
0.351,0.184,0
0.902,0.311,0
0.652,0.231,0
0.116,0.141,0
0.508,0.262,0
0.199,0.186,0
0.148,0.0823,0
0.396,0.106,0
0.881,0.403,0
0.857,0.201,0
0.279,0.21,0
0.818,0.418,0
0.512,0.168,0
0.804,0.262,1
0.839,0.481,0
0.13,0.207,0
0.312,0.173,0
0.964,0.398,0
0.338,0.134,0
0.59,0.311,0
0.734,0.259,0
0.295,0.211,0
0.487,0.055,0
0.364,0.164,0
0.657,0.217,0
0.288,0.218,0
0.282,0.175,0
0.727,0.29,0
0.965,0.395,0
0.84,0.39,0
0.585,0.615,0
0.313,0.179,0
0.523,0.15,0
0.391,0.204,0
0.145,0.217,0
0.205,0.251,0
0.89,0.438,0
0.771,0.398,0
0.422,0.238,0
0.515,0.148,0
0.142,0.0486,0
0.572,0.252,0
0.265,0.036,0
0.613,0.325,0
0.798,0.459,0
0.585,0.615,4
0.12,0.149,0
0.394,0.221,0
0.349,0.155,0
0.046,0.25,0
0.632,0.336,0
0.238,0.217,0
0.842,0.348,0
0.416,0.207,0
0.911,0.223,0
0.381,0.185,0
0.848,0.403,0
0.868,0.29,0
0.949,0.354,0
0.396,0.203,0
0.626,0.158,0
0.557,0.162,0
0.309,0.169,0
0.632,0.628,0
0.453,0.212,0
0.426,0.224,0
0.399,0.133,0
0.464,0.257,0
0.444,0.303,0
0.195,0.162,0
0.191,0.347,0
0.483,0.212,0
0.39,0.225,0
0.757,0.427,0
0.529,0.255,0
0.052,0.0421,0
0.308,0.186,0
0.31,0.0546,0
0.348,0.217,0
0.313,0.112,0
0.232,0.263,0
0.584,0.086,0
0.31,0.312,0
0.494,0.155,1
0.333,0.173,0
0.418,0.238,0
0.196,0.293,0
0.389,0.223,0
0.414,0.175,0
0.739,0.167,0
0.648,0.199,0
0.756,0.0454,0
0.671,0.22,0
0.446,0.214,0
0.178,0.289,0
0.457,0.0887,0
0.258,0.178,0
0.154,0.461,0
0.657,0.12,1
0.449,0.334,2
0.826,0.463,0
0.962,0.326,0
0.392,0.203,0
0.351,0.243,0
0.562,0.177,0
0.404,0.142,0
0.893,0.363,2
0.858,0.377,0
0.362,0.22,0
0.326,0.282,0
0.563,0.242,0
0.135,0.206,0
0.331,0.0575,0
0.0985,0.617,0
0.835,0.168,0
0.117,0.325,0
0.802,0.0978,4
0.631,0.0622,0
0.435,0.207,0
0.53,0.254,0
0.33,0.129,0
0.95,0.409,0
0.39,0.189,0
0.701,0.11,0
0.689,0.182,0
0.699,0.172,0
0.461,0.177,0
0.938,0.213,0
0.712,0.347,0
0.769,0.339,0
0.452,0.304,0
0.527,0.167,0
0.51,0.0802,1
0.961,0.405,0
0.323,0.235,0
0.877,0.295,0
0.487,0.181,0
0.352,0.212,0
0.225,0.063,0
0.38,0.218,0
0.705,0.0473,0
0.558,0.304,0
0.483,0.258,0
0.408,0.16,0
0.386,0.21,0
0.912,0.37,0
0.715,0.235,0
0.344,0.157,0
0.441,0.171,1
0.482,0.13,0
0.239,0.202,0
0.608,0.197,0
0.274,0.221,0
0.441,0.266,0
0.66,0.228,7
0.279,0.191,0
0.353,0.305,1
0.823,0.0622,0
0.382,0.101,0
0.693,0.266,0
0.75,0.327,0
0.417,0.124,0
0.688,0.361,0
0.735,0.227,0
0.387,0.156,0
0.437,0.198,0
0.883,0.225,0
0.525,0.495,0
0.3,0.268,0
0.465,0.209,0
0.535,0.2,0
0.261,0.116,0
0.477,0.195,0
0.491,0.222,0
0.299,0.074,0
0.98,0.729,0
0.449,0.202,0
0.646,0.301,0
0.0751,0.145,0
0.455,0.316,2
0.376,0.257,0
0.667,0.205,0
0.506,0.186,0
0.462,0.135,0
0.157,0.111,0
0.732,0.247,31
0.322,0.154,31
0.438,0.237,30
0.953,0.407,23
0.873,0.417,23
0.964,0.28,22
0.438,0.14,23
0.847,0.219,22
0.59,0.226,19
0.548,0.04,21
0.725,0.356,19
0.728,0.211,19
0.0711,0.0484,17
0.511,0.116,31
0.59,0.782,18
0.74,0.233,20
0.713,0.205,18
0.0934,0.0569,17
0.553,0.3,16
0.842,0.311,16
0.667,0.474,13
0.158,0.176,16
0.72,0.2,17
0.782,0.266,16
0.0463,0.127,16
0.662,0.279,13
0.479,0.159,10
0.625,0.203,12
0.772,0.249,16
0.378,0.197,9
0.432,0.216,11
0.786,0.25,11
0.735,0.19,10
0.167,0.229,9
0.521,0.224,10
0.882,0.273,11
0.251,0.16,9
0.811,0.236,8
0.413,0.0846,9
0.884,0.368,9
0.517,0.172,8
0.778,0.554,5
0.778,0.215,7
0.315,0.1,9
0.617,0.244,6
0.374,0.115,7
0.515,0.122,7
0.295,0.142,7
0.331,0.221,4
0.828,0.164,8
0.158,0.0765,7
0.307,0.0961,7
0.663,0.234,7
0.219,0.0583,5
0.669,0.148,4
0.177,0.17,5
0.661,0.176,5
0.781,0.244,5
0.331,0.185,7
0.543,0.134,6
0.641,0.124,5
0.957,0.203,4
0.445,0.19,3
0.931,0.449,6
0.528,0.0897,4
0.151,0.0579,5
0.32,0.154,4
0.209,0.0519,4
0.85,0.222,4
0.466,0.0339,4
0.272,0.0838,3
0.247,0.0175,4
0.43,0.244,5
0.368,0.15,5
0.527,0.283,2
0.646,0.113,4
0.162,0.121,4
0.763,0.569,2
0.828,0.298,3
0.593,0.312,4
0.22,0.125,5
0.179,0.14,3
0.502,0.0695,4
0.336,0.125,2
0.783,0.523,1
0.383,0.23,3
0.904,0.615,2
0.752,0.259,2
0.575,0.115,3
0.227,0.176,2
0.852,0.212,2
0.343,0.114,3
0.149,0.144,6
0.328,0.129,12
0.931,0.635,3
0.773,0.328,3
0.633,0.263,2
0.16,0.0856,4
0.696,0.632,4
0.446,0.143,4
0.557,0.267,3
0.186,0.147,2
0.799,0.29,1
0.821,0.438,0
0.871,0.562,0
0.563,0.407,0
0.922,0.334,0
0.96,0.385,0
0.592,0.625,0
0.321,0.208,0
0.604,0.141,0
0.737,0.21,2
0.822,0.172,0
0.433,0.253,0
0.546,0.152,0
0.533,0.566,0
0.484,0.164,0
0.86,0.292,0
0.552,0.0346,0
0.186,0.142,0
0.789,0.25,0
0.527,0.283,0
0.6,0.253,2
0.712,0.136,0
0.459,0.685,0
0.591,0.182,0
0.796,0.459,0
0.3,0.0513,0
0.196,0.114,0
0.604,0.674,0
0.492,0.177,1
0.11,0.14,0
0.429,0.413,0
0.669,0.23,0
0.962,0.428,0
0.83,0.685,3
0.253,0.132,0
0.956,0.475,0
0.414,0.551,0
0.919,0.411,0
0.893,0.383,0
0.925,0.218,3
0.528,0.192,0
0.717,0.372,3
0.778,0.483,0
0.503,0.294,0
0.721,0.454,0
0.451,0.374,0
0.844,0.557,0
0.633,0.263,0
0.496,0.4,0
0.651,0.461,0
0.633,0.0517,0
0.424,0.363,0
0.271,0.142,0
0.693,0.242,0
0.578,0.14,0
0.592,0.387,0
0.655,0.566,0
0.874,0.578,0
0.778,0.554,0
0.832,0.366,0
0.623,0.537,0
0.76,0.548,0
0.491,0.21,0
0.215,0.141,0
0.864,0.251,2
0.834,0.225,0
0.285,0.205,0
0.426,0.0774,3
0.734,0.332,0
0.948,0.252,1
0.968,0.792,0
0.717,0.432,0
0.79,0.305,0
0.945,0.191,3
0.76,0.386,0
0.69,0.533,0
0.159,0.0745,0
0.591,0.755,0
0.957,0.56,0
0.614,0.513,0
0.672,0.662,0
0.471,0.193,0
0.699,0.173,0
0.345,0.122,0
0.366,0.278,0
0.509,0.417,0
0.641,0.379,0
0.19,0.0415,0
0.89,0.395,0
0.296,0.102,0
0.473,0.318,0
0.852,0.587,0
0.603,0.172,0
0.782,0.489,0
0.743,0.675,0
0.366,0.0431,0
0.928,0.455,0
0.468,0.769,0
0.403,0.0644,64
0.663,0.23,51
0.525,0.452,53
0.191,0.0823,52
0.608,0.226,52
0.253,0.177,47
0.404,0.115,42
0.837,0.376,42
0.519,0.258,40
0.531,0.216,39
0.828,0.492,35
0.761,0.41,33
0.689,0.202,28
0.731,0.132,27
0.56,0.24,36
0.427,0.336,30
0.571,0.19,34
0.618,0.239,27
0.6,0.242,29
0.399,0.145,30
0.768,0.292,31
0.518,0.228,36
0.731,0.229,26
0.814,0.261,31
0.805,0.28,27
0.263,0.102,26
0.273,0.0571,32
0.447,0.168,28
0.711,0.182,26
0.496,0.312,26
0.62,0.299,27
0.254,0.155,24
0.405,0.181,25
0.26,0.0478,26
0.4,0.104,23
0.583,0.341,23
0.451,0.26,23
0.925,0.447,23
0.804,0.339,23
0.757,0.414,25
0.277,0.195,23
0.267,0.0718,21
0.295,0.107,32
0.803,0.243,32
0.669,0.238,23
0.806,0.371,31
0.752,0.36,22
0.583,0.202,24
0.763,0.359,21
0.422,0.231,20
0.662,0.187,24
0.451,0.0837,26
0.759,0.371,20
0.568,0.317,20
0.233,0.0839,19
0.902,0.311,19
0.66,0.246,21
0.572,0.225,21
0.792,0.194,20
0.799,0.248,20
0.613,0.189,19
0.854,0.275,20
0.957,0.43,19
0.928,0.234,19
0.69,0.212,18
0.457,0.154,29
0.162,0.0439,18
0.612,0.367,18
0.902,0.311,22
0.557,0.294,20
0.431,0.151,15
0.65,0.309,17
0.61,0.405,17
0.519,0.258,19
0.828,0.492,18
0.722,0.297,17
0.855,0.235,19
0.487,0.199,15
0.757,0.414,17
0.837,0.376,19
0.842,0.367,16
0.525,0.217,14
0.825,0.403,17
0.531,0.0851,20
0.793,0.27,16
0.696,0.216,17
0.531,0.138,13
0.77,0.186,17
0.404,0.115,16
0.598,0.241,15
0.622,0.162,18
0.323,0.131,16
0.77,0.186,17
0.391,0.126,16
0.852,0.243,17
0.628,0.26,14
0.669,0.238,16
0.763,0.251,17
0.468,0.254,16
0.608,0.226,15
0.757,0.3,16
0.66,0.246,16
0.349,0.142,15
0.962,0.399,16
0.912,0.355,17
0.531,0.216,16
0.719,0.131,15
0.48,0.208,15
0.59,0.213,17
0.715,0.216,13
0.768,0.292,16
0.632,0.264,16
0.729,0.253,14
0.672,0.147,16
0.399,0.17,15
0.729,0.253,15
0.911,0.482,16
0.38,0.0512,16
0.799,0.248,15
0.836,0.34,16
0.806,0.371,15
0.651,0.287,15
0.807,0.382,16
0.685,0.236,14
0.65,0.309,15
0.702,0.249,14
0.745,0.209,15
0.486,0.188,16
0.632,0.306,15
0.527,0.183,14
0.945,0.42,15
0.666,0.259,15
0.234,0.1,13
0.804,0.339,15
0.945,0.42,15
0.37,0.0909,12
0.755,0.327,13
0.59,0.213,12
0.537,0.126,14
0.752,0.279,14
0.765,0.291,14
0.776,0.255,14
0.763,0.251,13
0.814,0.289,12
0.451,0.146,14
0.957,0.43,13
0.872,0.25,15
0.785,0.219,14
0.5,0.128,17
0.825,0.403,11
0.382,0.209,12
0.54,0.148,13
0.625,0.176,15
0.574,0.268,13
0.381,0.0717,10
0.911,0.482,13
0.962,0.399,12
0.623,0.211,12
0.704,0.334,12
0.223,0.0433,12
0.261,0.097,13
0.518,0.156,12
0.583,0.106,13
0.502,0.209,12
0.821,0.192,13
0.844,0.316,12
0.543,0.13,11
0.665,0.297,7
0.704,0.317,12
0.423,0.142,12
0.734,0.252,11
0.578,0.384,8
0.639,0.23,13
0.614,0.126,11
0.838,0.434,11
0.505,0.259,11
0.674,0.135,12
0.532,0.221,7
0.488,0.276,10
0.865,0.336,11
0.387,0.371,12
0.747,0.318,13
0.506,0.139,10
0.62,0.299,10
0.699,0.262,10
0.41,0.117,10
0.268,0.116,10
0.432,0.172,11
0.505,0.18,10
0.478,0.142,11
0.568,0.15,10
0.354,0.196,10
0.403,0.278,11
0.324,0.132,10
0.494,0.132,10
0.619,0.242,12
0.29,0.13,10
0.814,0.293,11
0.418,0.119,11
0.941,0.713,9
0.895,0.372,35
0.325,0.133,32
0.856,0.461,29
0.345,0.0633,26
0.267,0.0653,19
0.514,0.103,17
0.234,0.245,17
0.59,0.377,15
0.685,0.21,15
0.62,0.178,16
0.961,0.404,14
0.891,0.637,11
0.556,0.281,8
0.807,0.578,7
0.515,0.132,14
0.838,0.297,4
0.516,0.296,3
0.035,0.0262,8
0.611,0.242,4
0.0942,0.0767,6
0.262,0.0686,6
0.357,0.402,4
0.96,0.3,6
0.151,0.0649,9
0.725,0.156,3
0.925,0.447,4
0.602,0.146,2
0.402,0.238,3
0.376,0.159,4
0.509,0.294,3
0.048,0.124,6
0.47,0.344,5
0.199,0.138,3
0.532,0.15,3
0.5,0.128,3
0.743,0.306,3
0.607,0.279,3
0.512,0.158,4
0.613,0.253,2
0.729,0.245,4
0.575,0.283,3
0.276,0.158,3
0.64,0.248,4
0.344,0.167,3
0.246,0.215,3
0.619,0.172,3
0.592,0.107,3
0.616,0.308,2
0.865,0.35,4
0.391,0.144,3
0.44,0.11,3
0.695,0.33,3
0.775,0.802,4
0.494,0.153,3
0.281,0.112,5
0.713,0.332,3
0.474,0.0983,4
0.349,0.142,3
0.661,0.0956,0
0.079,0.00251,3
0.784,0.162,1
0.793,0.213,0
0.364,0.0628,0
0.484,0.108,0
0.0796,0.0474,2
0.526,0.426,0
0.527,0.36,0
0.392,0.242,0
0.596,0.152,0
0.33,0.319,0
0.127,0.111,0
0.495,0.118,0
0.79,0.23,0
0.837,0.199,0
0.902,0.39,0
0.931,0.401,1
0.49,0.0971,1
0.341,0.439,0
0.783,0.264,1
0.704,0.25,1
0.917,0.265,0
0.419,0.119,0
0.23,0.101,0
0.0377,0.137,0
0.662,0.225,0
0.336,0.319,2
0.491,0.402,0
0.211,0.211,1
0.71,0.215,0
0.301,0.0737,0
0.839,0.239,1
0.868,0.684,3
0.917,0.128,0
0.787,0.132,0
0.53,0.296,0
0.904,0.433,0
0.314,0.273,0
0.862,0.293,0
0.785,0.239,0
0.669,0.396,0
0.647,0.241,0
0.72,0.149,1
0.172,0.0599,2
0.467,0.619,2
0.505,0.251,3
0.554,0.246,2
0.93,0.39,0
0.565,0.209,0
0.845,0.224,0
0.12,0.267,0
0.0643,0.156,1
0.841,0.293,0
0.965,0.402,0
0.0777,0.119,0
0.275,0.0555,1
0.71,0.183,1
0.897,0.288,0
0.526,0.271,0
0.407,0.291,1
0.184,0.00756,3
0.351,0.281,2
0.487,0.569,0
0.906,0.367,0
0.334,0.306,0
0.555,0.367,2
0.572,0.365,1
0.72,0.364,0
0.182,0.00365,2
0.465,0.496,2
0.28,0.0556,1
0.69,0.703,0
0.221,0.384,0
0.289,0.162,3
0.731,0.68,0
0.538,0.461,0
0.552,0.178,0
0.866,0.416,1
0.961,0.31,0
0.307,0.373,0
0.669,0.367,0
0.272,0.402,3
0.861,0.0999,0
0.666,0.316,0
0.655,0.151,1
0.173,0.149,0
0.453,0.204,0
0.446,0.0559,1
0.338,0.0642,0
0.932,0.158,0
0.161,0.159,0
0.438,0.241,0
0.0383,0.201,2
0.387,0.0858,1
0.629,0.558,2
0.785,0.748,2
0.734,0.112,0
0.219,0.0946,0
0.718,0.137,0
0.567,0.174,0
0.0809,0.117,0
0.0505,0.342,0
0.231,0.0666,2
0.617,0.31,2
0.621,0.336,0
0.494,0.416,0
0.697,0.166,0
0.875,0.322,0
0.829,0.333,0
0.434,0.0432,0
0.243,0.0559,1
0.873,0.346,1
0.319,0.0361,1
0,0.801,0
0.737,0.103,0
0.301,0.428,0
0.811,0.0654,0
0.83,0.218,0
0.966,0.239,0
0.716,0.241,0
0.883,0.345,1
0.586,0.0471,1
0.378,0.198,0
0.821,0.259,0
0.56,0.267,0
0.498,0.626,0
0.0789,0.00672,3
0.793,0.376,0
0.611,0.175,0
0.884,0.133,0
0.185,0.485,0
0.615,0.0732,0
0.379,0.15,0
0.517,0.583,3
0.869,0.29,1
0.452,0.0539,0
0.377,0.279,1
0.219,0.2,0
0.52,0.153,0
0.413,0.544,3
0.191,0.971,0
0.665,0.18,49
0.18,0.159,41
0.648,0.32,40
0.42,0.299,39
0.301,0.113,34
0.704,0.471,34
0.742,0.458,29
0.8,0.268,27
0.903,0.154,35
0.502,0.0247,32
0.756,0.29,26
0.913,0.292,23
0.34,0.0573,26
0.386,0.137,22
0.671,0.916,26
0.2,0.179,21
0.313,0.0512,23
0.685,0.478,23
0.459,0.158,17
0.946,0.585,22
0.702,0.371,19
0.81,0.182,20
0.592,0.309,17
0.958,0.207,14
0.679,0.311,17
0.612,0.292,17
0.949,0.237,14
0.289,0.151,15
0.435,0.309,16
0.765,0.506,17
0.531,0.257,16
0.637,0.2,20
0.361,0.312,14
0.61,0.449,20
0.477,0.275,15
0.611,0.246,15
0.535,0.127,20
0.577,0.386,15
0.743,0.296,13
0.637,0.235,13
0.945,0.255,23
0.518,0.402,13
0.391,0.192,12
0.967,0.566,11
0.923,0.306,10
0.761,0.602,12
0.161,0.373,14
0.878,0.672,10
0.255,0.127,18
0.898,0.538,12
0.489,0.229,12
0.648,0.421,11
0.552,0.385,13
0.243,0.0225,13
0.528,0.276,12
0.183,0.0374,14
0.172,0.0578,12
0.888,0.493,20
0.958,0.593,9
0.454,0.161,18
0.716,0.211,13
0.477,0.303,8
0.247,0.288,13
0.604,0.378,11
0.851,0.322,11
0.202,0.417,11
0.627,0.271,14
0.882,0.341,7
0.316,0.0728,11
0.292,0.334,11
0.842,0.179,13
0.858,0.526,7
0.524,0.201,10
0.527,0.423,10
0.702,0.165,7
0.936,0.406,7
0.56,0.112,11
0.351,0.0315,10
0.321,0.13,18
0.96,0.192,12
0.219,0.0144,10
0.263,0.108,7
0.943,0.458,11
0.453,0.318,10
0.389,0.39,9
0.329,0.0244,9
0.664,0.041,10
0.965,0.596,10
0.917,0.142,11
0.658,0.179,10
0.487,0.371,10
0.794,0.208,10
0.962,0.589,6
0.28,0.0181,10
0.0662,0.158,6
0.54,0.197,16
0.783,0.266,10
0.531,0.0683,5
0.439,0.101,9
0.881,0.342,6
0.919,0.136,8
0.243,0.117,19
0.228,0.141,10
0.116,0.168,18
0.225,0.168,17
0.545,0.176,9
0.694,0.068,9
0.32,0.0331,9
0.793,0.0972,9
0.463,0.271,9
0.734,0.232,8
0.679,0.0807,9
0.233,0.0839,7
0.305,0.662,5
0.935,0.679,5
0.877,0.0812,9
0.876,0.261,5
0.513,0.292,9
0.177,0.074,4
0.93,0.479,8
0.215,0.0361,8
0.77,0.258,4
0.839,0.049,8
0.82,0.404,8
0.613,0.17,3
0.76,0.582,4
0.836,0.367,4
0.903,0.209,4
0.927,0.563,4
0.872,0.346,4
0.961,0.555,3
0.234,0.1,5
0.947,0.502,3
0.162,0.0439,5
0.391,0.126,5
0.502,0.231,9
0.837,0.553,2
0.503,0.202,4
0.854,0.325,3
0.26,0.0478,4
0.0302,0.0317,2
0.403,0.0644,6
0.696,0.216,5
0.965,0.499,3
0.551,0.238,9
0.865,0.336,4
0.647,0.211,12
0.709,0.148,2
0.346,0.158,9
0.191,0.0823,6
0.261,0.097,4
0.387,0.371,4
0.4,0.104,5
0.38,0.0512,4
0.707,0.578,2
0.797,0.225,4
0.534,0.178,3
0.269,0.843,4
0,0.202,4
0.704,0.302,3
0.853,0.474,4
0.537,0.126,4
0.839,0.814,2
0.144,0.198,1
0.491,0.39,4
0.43,0.1,2
0.0292,0.0894,1
0.821,0.192,5
0.711,0.339,4
0.324,0.0849,3
0.535,0.221,5
0.829,0.435,8
0.386,0.26,4
0.885,0.281,3
0.586,0.333,4
0.565,0.184,3
0.82,0.207,2
0.397,0.286,3
0.44,0.333,15
0.0328,0.131,1
0.747,0.168,11
0.53,0.172,6
0.583,0.106,4
0.295,0.107,4
0.0462,0.162,0
0.579,0.0882,0
0.935,0.149,0
0.763,0.109,0
0.557,0.363,0
0.395,0.411,0
0.765,0.157,0
0.684,0.157,0
0.437,0.23,0
0.11,0.246,0
0.626,0.229,2
0.266,0.183,0
0.41,0.217,0
0.315,0.207,0
0.844,0.249,0
0.948,0.524,0
0.549,0.169,46
0.855,0.235,48
0.576,0.186,44
0.519,0.0958,38
0.227,0.128,36
0.477,0.0413,35
0.753,0.215,35
0.566,0.39,32
0.536,0.5,33
0.222,0.032,31
0.564,0.153,31
0.77,0.368,30
0.884,0.293,27
0.322,0.198,25
0.841,0.339,23
0.525,0.113,27
0.708,0.0685,26
0.71,0.116,27
0.795,0.556,21
0.486,0.222,24
0.646,0.0924,25
0.325,0.174,24
0.684,0.0388,23
0.752,0.213,18
0.808,0.259,18
0.878,0.293,19
0.609,0.168,22
0.28,0.144,19
0.95,0.373,17
0.697,0.131,16
0.583,0.131,16
0.9,0.431,18
0.528,0.0967,20
0.398,0.125,16
0.378,0.228,18
0.165,0.152,14
0.0486,0.0653,14
0.159,0.155,16
0.727,0.249,12
0.603,0.105,14
0.646,0.139,18
0.881,0.31,14
0.617,0.313,13
0.594,0.0889,17
0.0917,0.0301,12
0.656,0.399,18
0.511,0.302,17
0.755,0.376,18
0.626,0.376,18
0.64,0.359,18
0.656,0.32,18
0.601,0.397,17
0.67,0.416,18
0.575,0.35,18
0.532,0.326,17
0.502,0.173,14
0.487,0.209,11
2692.601,1416.846,2067.077
2692.582,1422.761,2067.191
2692.814,1432.806,2065.783
2698.889,1338.154,2064.855
2699.259,1344.439,2062.569
2699.382,1350.473,2061.813
2698.896,1359.876,2064.813
2699.225,1366.100,2062.780
2699.281,1375.572,2038.357
2699.267,1375.998,2062.519
2699.359,1433.250,2061.955
2705.334,1340.656,2061.569
2705.434,1346.668,2060.944
2705.499,1352.643,2060.531
2705.372,1360.402,2061.333
2705.481,1366.416,2060.649
2705.426,1372.277,2060.991
2704.785,1417.100,2065.022
0.485,0.297,17
0.612,0.308,17
0.383,0.121,10
0.782,0.414,15
0.705,0.167,13
0.538,0.199,13
0.596,0.414,17
0.595,0.334,17
0.607,0.358,17
0.493,0.338,17
0.604,0.363,17
0.898,0.332,13
0.645,0.373,17
0.561,0.42,16
0.63,0.416,16
0.76,0.34,9
0.599,0.367,16
5.305,1413.722,1901.145
0.549,1302.506,2065.482
0.580,1314.743,2040.726
0.581,1318.721,2040.286
0.551,1318.585,2063.844
0.580,1328.280,2041.442
0.622,1347.335,2008.119
0.640,1353.417,1994.096
0.654,0.342,15
0.701,0.326,15
0.642,0.296,15
0.259,0.214,9
0.589,0.386,16
0.683,0.324,16
0.691,0.361,16
0.658,0.318,16
0.673,0.31,15
0.543,0.404,16
0.728,0.374,16
0.643,0.408,16
0.683,0.31,15
0.718,0.326,15
0.685,0.236,13
2994.951,1311.889,2068.297
2995.037,1352.897,1962.152
2995.348,1368.525,1946.160
3020.303,1371.895,1948.441
0.672,0.329,15
0.615,0.318,15
0.641,0.322,16
2995.348,1368.525,1946.160
0.676,0.344,15
0.256,0.304,15
0.529,0.356,8
0.569,0.366,15
0.603,0.133,13
0.564,0.348,15
0.686,0.349,15
0.494,0.221,8
0.757,0.307,15
0.682,0.36,14
0.538,0.379,15
0.666,0.314,15
0.71,0.341,15
0.608,0.322,15
0.611,0.311,15
0.752,0.342,14
0.587,0.199,8
0.687,0.354,14
0.742,0.363,14
0.703,0.374,14
0.713,0.35,14
0.643,0.341,14
0.717,0.331,14
0.569,0.167,7
0.702,0.422,6
0.863,0.325,13
0.619,0.34,14
23.920000000000073,234.96000000000004,65.8599999999999
24.230000000000018,248.27999999999997,64.69999999999982
24.769999999999982,254.18000000000006,62.679999999999836
24.0,260.3299999999999,58.50999999999999
23.960000000000036,264.05999999999995,58.63999999999987
30.110000000000127,200.31999999999994,70.98000000000002
30.390000000000327,206.1400000000001,69.89999999999986
30.340000000000146,209.8800000000001,70.09999999999991
30.610000000000127,215.68000000000006,69.05999999999995
30.0,264.26,57.049999999999955
30.26000000000022,270.0,56.059999999999945
35.99000000000024,206.11000000000013,70.08999999999992
36.42000000000007,225.19000000000005,68.43999999999983
36.26999999999998,250.53999999999996,61.75999999999999
0.559,0.174,5
0.355,0.0856,8
0.704,0.343,14
0.686,0.347,14
0.542,0.2,6
0.753,0.313,14
0.748,0.352,14
0.759,0.323,14
0.6,0.146,7
109.15000000000009,272.6300000000001,97.58999999999992
115.08000000000038,196.5,199.17000000000007
114.98000000000002,219.19000000000005,97.11999999999989
114.91000000000031,218.5,115.33999999999992
115.5600000000004,221.55999999999995,177.44000000000005
115.51999999999998,224.54999999999995,59.799999999999955
115.42000000000007,241.36000000000013,60.24000000000001
115.62000000000035,251.26999999999998,85.34999999999991
115.16000000000031,254.01,78.69999999999982
115.63000000000011,267.30999999999995,94.08999999999992
115.76000000000022,273.1100000000001,93.48000000000002
121.17000000000007,215.99,188.9699999999998
121.35000000000036,244.86000000000013,76.30999999999995
121.33000000000038,251.27999999999997,85.26999999999998
120.83000000000038,256.68000000000006,87.63999999999987
121.48000000000002,270.1400000000001,102.51999999999998
121.35000000000036,275.80999999999995,103.1099999999999
127.63000000000011,186.84000000000015,196.67000000000007
127.2800000000002,199.54999999999995,178.44000000000005
127.15000000000009,241.16000000000008,75.70999999999981
127.66000000000031,244.55999999999995,64.42999999999984
0.481,0.193,44
0.283,0.0643,42
0.563,0.177,42
0.736,0.148,43
0.531,0.313,36
1902.2700000000004,63.88000000000011,505.4899999999998
0.706,0.229,28
0.261,0.147,27
0.381,0.218,19
0.835,0.398,22
0.975,0.28,19
0.546,0.168,25
0.367,0.169,25
0.834,0.389,22
0.79,0.206,19
0.238,0.0982,17
0.534,0.561,18
0.627,0.537,21
0.365,0.13,21
0.625,0.176,20
0.773,0.212,18